produto_id,produto_nome,categoria_id,custo_unitario,preco_lista
1,Casa e Cozinha Produto 001,3,156.44,322.54
2,Acessórios Produto 002,8,113.45,163.95
3,Acessórios Produto 003,8,90.94,157.77
4,Eletrônicos Produto 004,1,413.55,718.58
5,Acessórios Produto 005,8,511.88,911.59
6,Moda Produto 006,5,653.72,1063.05
7,Eletrônicos Produto 007,1,673.77,1212.38
8,Eletrônicos Produto 008,1,387.09,741.42
9,Eletrônicos Produto 009,1,841.78,1107.42
10,Acessórios Produto 010,8,38.24,62.65
11,Casa e Cozinha Produto 011,3,691.59,1507.26
12,Livros Produto 012,7,343.27,719.76
13,Acessórios Produto 013,8,783.96,1655.28
14,Livros Produto 014,7,81.42,176.35
15,Casa e Cozinha Produto 015,3,591.65,935.03
16,Casa e Cozinha Produto 016,3,893.63,1450.72
17,Casa e Cozinha Produto 017,3,657.79,961.4
18,Eletrônicos Produto 018,1,683.0,1488.64
19,Acessórios Produto 019,8,609.41,1076.96
20,Livros Produto 020,7,742.79,1103.14
21,Beleza Produto 021,6,148.06,211.59
22,Informática Produto 022,2,38.67,72.59
23,Eletrônicos Produto 023,1,224.19,294.57
24,Eletrônicos Produto 024,1,407.33,769.21
25,Eletrônicos Produto 025,1,227.81,294.34
26,Acessórios Produto 026,8,218.56,318.31
27,Eletrônicos Produto 027,1,134.72,295.55
28,Esporte e Lazer Produto 028,4,736.05,1431.57
29,Beleza Produto 029,6,523.95,1039.47
30,Beleza Produto 030,6,220.84,459.89
31,Esporte e Lazer Produto 031,4,378.07,571.41
32,Casa e Cozinha Produto 032,3,567.13,939.08
33,Acessórios Produto 033,8,51.73,81.59
34,Livros Produto 034,7,709.37,1101.51
35,Livros Produto 035,7,373.35,573.05
36,Casa e Cozinha Produto 036,3,681.43,1158.32
37,Esporte e Lazer Produto 037,4,277.66,533.72
38,Acessórios Produto 038,8,824.12,1470.45
39,Livros Produto 039,7,505.99,696.94
40,Esporte e Lazer Produto 040,4,236.95,370.53
41,Informática Produto 041,2,830.78,1707.07
42,Informática Produto 042,2,486.72,991.9
43,Eletrônicos Produto 043,1,248.93,470.47
44,Eletrônicos Produto 044,1,787.52,1125.17
45,Esporte e Lazer Produto 045,4,436.66,906.51
46,Beleza Produto 046,6,279.84,591.45
47,Esporte e Lazer Produto 047,4,844.07,1826.55
48,Informática Produto 048,2,674.72,1326.91
49,Esporte e Lazer Produto 049,4,629.11,1207.0
50,Livros Produto 050,7,824.46,1462.98
51,Moda Produto 051,5,348.79,612.81
52,Beleza Produto 052,6,284.5,452.83
53,Acessórios Produto 053,8,424.74,854.86
54,Acessórios Produto 054,8,687.85,1069.07
55,Esporte e Lazer Produto 055,4,339.93,558.58
56,Esporte e Lazer Produto 056,4,669.71,847.46
57,Livros Produto 057,7,272.72,391.73
58,Esporte e Lazer Produto 058,4,348.06,710.63
59,Acessórios Produto 059,8,500.07,1073.3
60,Beleza Produto 060,6,239.02,485.33
61,Acessórios Produto 061,8,420.14,817.65
62,Beleza Produto 062,6,160.65,310.74
63,Acessórios Produto 063,8,173.8,364.09
64,Eletrônicos Produto 064,1,476.31,975.06
65,Informática Produto 065,2,851.22,1604.38
66,Eletrônicos Produto 066,1,377.03,773.07
67,Esporte e Lazer Produto 067,4,70.49,98.23
68,Esporte e Lazer Produto 068,4,460.1,738.25
69,Acessórios Produto 069,8,596.76,754.87
70,Livros Produto 070,7,20.55,36.02
71,Moda Produto 071,5,486.81,741.1
72,Livros Produto 072,7,727.49,1538.12
73,Informática Produto 073,2,827.06,1445.84
74,Esporte e Lazer Produto 074,4,180.82,316.46
75,Beleza Produto 075,6,247.92,403.38
76,Beleza Produto 076,6,863.78,1456.37
77,Esporte e Lazer Produto 077,4,891.31,1305.38
78,Informática Produto 078,2,591.82,1222.29
79,Eletrônicos Produto 079,1,93.22,150.11
80,Acessórios Produto 080,8,59.94,75.46
81,Casa e Cozinha Produto 081,3,83.59,171.62
82,Beleza Produto 082,6,513.61,1060.64
83,Informática Produto 083,2,806.36,1712.06
84,Esporte e Lazer Produto 084,4,198.16,411.12
85,Acessórios Produto 085,8,251.27,534.69
86,Moda Produto 086,5,810.39,1446.82
87,Eletrônicos Produto 087,1,169.63,349.08
88,Eletrônicos Produto 088,1,865.71,1564.93
89,Livros Produto 089,7,836.7,1283.76
90,Esporte e Lazer Produto 090,4,514.36,1058.02
91,Beleza Produto 091,6,351.62,686.63
92,Informática Produto 092,2,455.71,991.45
93,Eletrônicos Produto 093,1,96.94,142.55
94,Informática Produto 094,2,313.13,620.17
95,Livros Produto 095,7,872.34,1360.9
96,Moda Produto 096,5,707.36,1186.97
97,Esporte e Lazer Produto 097,4,326.67,700.41
98,Livros Produto 098,7,175.31,316.71
99,Livros Produto 099,7,86.27,158.54
100,Esporte e Lazer Produto 100,4,644.67,856.08
101,Casa e Cozinha Produto 101,3,348.2,694.55
102,Casa e Cozinha Produto 102,3,668.29,1036.41
103,Informática Produto 103,2,91.45,196.23
104,Acessórios Produto 104,8,330.33,497.57
105,Casa e Cozinha Produto 105,3,87.69,145.52
106,Livros Produto 106,7,101.93,136.09
107,Informática Produto 107,2,541.26,1079.93
108,Livros Produto 108,7,20.98,34.47
109,Informática Produto 109,2,655.11,1167.12
110,Esporte e Lazer Produto 110,4,519.04,732.42
111,Livros Produto 111,7,160.86,242.17
112,Moda Produto 112,5,448.88,588.08
113,Livros Produto 113,7,255.61,392.3
114,Informática Produto 114,2,331.4,711.52
115,Acessórios Produto 115,8,538.49,773.15
116,Informática Produto 116,2,130.59,164.08
117,Livros Produto 117,7,305.67,562.18
118,Beleza Produto 118,6,401.8,666.62
119,Casa e Cozinha Produto 119,3,277.39,505.7
120,Esporte e Lazer Produto 120,4,436.32,619.03
