vendedor_id,vendedor_nome,regiao,data_admissao,meta_mensal
1,Leandro Lima,Sudeste,2021-01-19,60000
2,Tatiana Cardoso,Sudeste,2022-11-18,60000
3,Olivia Barbosa,Centro-Oeste,2021-10-02,90000
4,Olivia Nascimento,Sul,2021-08-19,60000
5,Felipe Martins,Nordeste,2022-01-17,40000
6,Erick Araújo,Nordeste,2024-03-08,50000
7,Felipe Cardoso,Centro-Oeste,2023-05-26,90000
8,Karina Oliveira,Centro-Oeste,2021-07-15,50000
9,Eduarda Rocha,Nordeste,2022-05-24,40000
10,Isabela Carvalho,Sul,2023-07-04,60000
11,Karina Lima,Sudeste,2022-06-20,60000
12,Daniela Almeida,Sudeste,2021-08-31,75000
13,João Costa,Centro-Oeste,2023-10-27,60000
14,Daniela Souza,Nordeste,2023-01-23,90000
15,Henrique Almeida,Sul,2023-09-07,50000
16,Olivia Cardoso,Nordeste,2023-05-02,90000
17,Leandro Rocha,Sul,2022-05-22,90000
18,Igor Oliveira,Centro-Oeste,2023-12-18,60000
19,Carla Melo,Sudeste,2021-05-07,90000
20,Juliana Ribeiro,Sul,2024-03-18,90000
